Total Notes, Normal Hits, Good Hits, Perfect Hits, Miss Hits, Total Hits, Percent hit, Participant Number,Controller Type
12,2,8,2,0, 12, 100
12,0,1,0,0, 1, 8.333334
61,11,32,8,6, 51, 83.60656
65,6,34,21,0, 61, 93.84615
70,2,51,13,0, 66, 94.28571
102,15,57,19,11, 91, 89.21568
102,9,62,25,6, 96, 94.11765
